<?xml version='1.0' encoding='utf-8'?>
<project xmlns="http://www.plcopen.org/xml/tc6_0201" xmlns:xsd="http://www.w3.org/2001/XMLSchema" xmlns:xhtml="http://www.w3.org/1999/xhtml" xmlns:ns1="http://www.plcopen.org/xml/tc6.xsd">
  <fileHeader companyName="Unknown" productName="Unnamed" productVersion="1" creationDateTime="2025-04-07T08:48:00"/>
  <contentHeader name="Unnamed" modificationDateTime="2025-04-07T09:52:55">
    <coordinateInfo>
      <fbd>
        <scaling x="10" y="10"/>
      </fbd>
      <ld>
        <scaling x="10" y="10"/>
      </ld>
      <sfc>
        <scaling x="10" y="10"/>
      </sfc>
    </coordinateInfo>
  </contentHeader>
  <types>
    <dataTypes/>
    <pous>
      <pou name="Exp5Task" pouType="program">
        <interface>
          <localVars>
            <variable name="UP_Start" address="%IX0.0">
              <type>
                <BOOL/>
              </type>
              <documentation>
                <xhtml:p><![CDATA[Will turn ON the LED]]></xhtml:p>
              </documentation>
            </variable>
            <variable name="DOWN_Stop" address="%IX0.1">
              <type>
                <BOOL/>
              </type>
              <documentation>
                <xhtml:p><![CDATA[Will turn OFF the LED]]></xhtml:p>
              </documentation>
            </variable>
          </localVars>
          <localVars>
            <variable name="Latch">
              <type>
                <BOOL/>
              </type>
              <documentation>
                <xhtml:p><![CDATA[Latch it Instruction]]></xhtml:p>
              </documentation>
            </variable>
          </localVars>
          <localVars>
            <variable name="LED" address="%QX0.0">
              <type>
                <BOOL/>
              </type>
              <documentation>
                <xhtml:p><![CDATA[Output indicator for Latch_Unlatch Program]]></xhtml:p>
              </documentation>
            </variable>
          </localVars>
        </interface>
        <body>
          <LD>
            <contact localId="5" negated="false" width="21" height="20">
              <position x="240" y="110"/>
              <connectionPointIn>
                <relPosition x="0" y="10"/>
                <connection refLocalId="12">
                  <position x="240" y="120"/>
                  <position x="130" y="120"/>
                </connection>
              </connectionPointIn>
              <connectionPointOut>
                <relPosition x="21" y="10"/>
              </connectionPointOut>
              <variable>Latch</variable>
            </contact>
            <contact localId="6" negated="false" width="21" height="20">
              <position x="340" y="30"/>
              <connectionPointIn>
                <relPosition x="0" y="10"/>
                <connection refLocalId="10">
                  <position x="340" y="40"/>
                  <position x="261" y="40"/>
                </connection>
              </connectionPointIn>
              <connectionPointOut>
                <relPosition x="21" y="10"/>
              </connectionPointOut>
              <variable>UP_Start</variable>
            </contact>
            <coil localId="8" negated="false" width="21" height="20">
              <position x="450" y="110"/>
              <connectionPointIn>
                <relPosition x="0" y="10"/>
                <connection refLocalId="5">
                  <position x="450" y="120"/>
                  <position x="261" y="120"/>
                </connection>
              </connectionPointIn>
              <connectionPointOut>
                <relPosition x="21" y="10"/>
              </connectionPointOut>
              <variable>LED</variable>
            </coil>
            <coil localId="9" negated="false" width="21" height="20">
              <position x="450" y="30"/>
              <connectionPointIn>
                <relPosition x="0" y="10"/>
                <connection refLocalId="6">
                  <position x="450" y="40"/>
                  <position x="361" y="40"/>
                </connection>
                <connection refLocalId="13">
                  <position x="450" y="40"/>
                  <position x="405" y="40"/>
                  <position x="405" y="90"/>
                  <position x="361" y="90"/>
                </connection>
              </connectionPointIn>
              <connectionPointOut>
                <relPosition x="21" y="10"/>
              </connectionPointOut>
              <variable>Latch</variable>
            </coil>
            <contact localId="10" negated="true" width="21" height="20">
              <position x="240" y="30"/>
              <connectionPointIn>
                <relPosition x="0" y="10"/>
                <connection refLocalId="12">
                  <position x="240" y="40"/>
                  <position x="130" y="40"/>
                </connection>
              </connectionPointIn>
              <connectionPointOut>
                <relPosition x="21" y="10"/>
              </connectionPointOut>
              <variable>DOWN_Stop</variable>
            </contact>
            <rightPowerRail localId="11" width="10" height="160">
              <position x="580" y="20"/>
              <connectionPointIn>
                <relPosition x="0" y="20"/>
                <connection refLocalId="9">
                  <position x="580" y="40"/>
                  <position x="471" y="40"/>
                </connection>
              </connectionPointIn>
              <connectionPointIn>
                <relPosition x="0" y="60"/>
              </connectionPointIn>
              <connectionPointIn>
                <relPosition x="0" y="100"/>
                <connection refLocalId="8">
                  <position x="580" y="120"/>
                  <position x="471" y="120"/>
                </connection>
              </connectionPointIn>
              <connectionPointIn>
                <relPosition x="0" y="140"/>
              </connectionPointIn>
            </rightPowerRail>
            <leftPowerRail localId="12" width="10" height="160">
              <position x="120" y="20"/>
              <connectionPointOut formalParameter="">
                <relPosition x="10" y="20"/>
              </connectionPointOut>
              <connectionPointOut formalParameter="">
                <relPosition x="10" y="60"/>
              </connectionPointOut>
              <connectionPointOut formalParameter="">
                <relPosition x="10" y="100"/>
              </connectionPointOut>
              <connectionPointOut formalParameter="">
                <relPosition x="10" y="140"/>
              </connectionPointOut>
            </leftPowerRail>
            <contact localId="13" negated="false" width="21" height="20">
              <position x="340" y="80"/>
              <connectionPointIn>
                <relPosition x="0" y="10"/>
                <connection refLocalId="10">
                  <position x="340" y="90"/>
                  <position x="300" y="90"/>
                  <position x="300" y="40"/>
                  <position x="261" y="40"/>
                </connection>
              </connectionPointIn>
              <connectionPointOut>
                <relPosition x="21" y="10"/>
              </connectionPointOut>
              <variable>Latch</variable>
            </contact>
          </LD>
        </body>
      </pou>
    </pous>
  </types>
  <instances>
    <configurations>
      <configuration name="Config0">
        <resource name="Res0">
          <task name="task0" priority="0" interval="T#20ms">
            <pouInstance name="instance0" typeName="Exp5Task"/>
          </task>
        </resource>
      </configuration>
    </configurations>
  </instances>
</project>
